{
  "f": 2,
  "p": [
    [8,57,39],
    [8,55,46],
    [8,0,84],
    [8,0,76],
    [211,83,32],
    [200,100,56],
    [0,0,30],
    [0,0,25]
  ],
  "t": [
    [[1,1,3,3,1,0,1,0,0,3,2,0,1,0,0,0,3,2,0,0],[1,1,3,3,0,1,0,1,0,2,3,0,1,1,0,0,3,3,0,0],[1,1,3,3,0,1,0,0,0,2,2,1,1,0,0,1,3,2,0,1],[0,0,2,3,0,0,0,1,0,3,2,1,0,0,0,0,3,2,1,0],[2,3,2,2,0,0,0,1,1,3,3,3,3,2,3,3,2,3,0,1],[3,3,3,3,0,1,1,1,0,2,3,2,2,2,2,2,3,2,1,1],[1,0,3,3,0,0,0,0,0,3,2,0,0,1,1,0,2,3,0,1],[1,0,3,2,0,0,0,0,1,2,2,0,0,0,1,1,2,2,1,1],[1,1,2,3,0,1,0,0,1,3,3,1,0,1,0,0,2,2,0,1],[0,0,3,2,0,0,1,1,1,2,3,1,1,0,1,1,3,2,1,0],[0,0,3,2,1,0,0,1,0,3,3,1,1,0,0,0,2,2,1,1],[1,1,2,3,1,0,1,1,0,3,3,1,0,0,1,0,3,3,1,1],[0,0,2,2,0,1,1,1,0,3,3,0,0,1,0,1,3,2,0,0],[0,1,2,3,1,0,0,0,0,3,3,1,1,1,0,0,3,3,0,1],[1,0,2,2,2,2,2,3,2,3,2,1,1,0,1,1,3,2,2,3],[1,0,3,2,2,2,2,2,3,3,3,1,1,0,0,1,3,3,2,2],[1,0,2,3,1,1,1,0,1,2,3,0,1,1,0,0,3,2,1,0],[0,1,3,2,0,0,0,0,0,3,3,0,0,0,0,1,3,2,0,0],[1,0,3,2,1,0,1,1,0,2,2,1,0,0,0,0,2,3,0,0],[1,1,3,3,1,0,1,0,0,3,3,0,1,0,1,0,2,3,0,0]],
    [[5,5,5,5,5,5,5,5,5,5,5,5,5,5,5,5,5,5,5,5],[5,4,4,4,5,4,4,4,5,4,4,4,5,4,4,4,5,4,4,4],[5,4,4,4,5,4,4,4,5,4,4,4,5,4,4,4,5,4,4,4],[5,4,4,4,5,4,4,4,5,4,4,4,5,4,4,4,5,4,4,4]],
    [[7,6,7,6,6,7,7,7,7,6,6,6,6,6,6,6,7,6,7,6],[6,7,6,6,7,7,6,7,7,7,7,7,6,7,6,7,6,7,7,7],[7,7,7,7,6,7,6,7,7,6,6,7,6,6,6,6,6,6,6,6],[7,7,6,7,6,6,6,6,6,6,6,6,7,7,6,7,6,6,7,6],[6,7,7,7,7,7,6,7,6,6,7,7,7,6,7,6,6,7,6,7],[6,7,7,7,7,7,6,6,7,6,7,6,7,7,7,7,6,7,6,6],[7,7,6,6,7,6,6,7,6,6,7,7,6,7,6,7,7,6,6,6],[6,6,7,6,6,6,7,6,7,6,7,6,6,6,6,6,7,6,7,6],[7,6,6,7,7,7,7,7,6,7,6,6,6,7,7,7,6,6,6,7],[6,7,6,6,7,6,6,6,6,6,7,6,7,7,7,6,7,7,7,7],[7,6,6,6,7,6,6,6,7,6,7,7,7,6,6,6,7,6,6,7],[7,7,7,6,6,6,6,6,7,7,7,6,7,6,6,7,7,6,6,7],[7,6,6,7,6,7,7,6,6,7,7,6,7,6,6,7,7,7,7,7],[7,6,6,6,7,6,7,6,6,7,6,6,6,6,6,7,6,6,6,6],[6,7,7,7,6,6,6,7,7,7,7,7,7,6,6,7,7,7,6,7],[7,7,6,6,6,6,7,7,7,6,7,6,7,6,7,6,7,6,6,6],[6,6,6,7,6,7,6,6,6,7,7,7,7,7,6,7,6,7,7,7],[6,7,7,6,7,7,6,7,6,6,6,6,6,6,6,6,7,7,6,6],[7,6,7,6,7,6,7,6,6,7,6,7,7,7,6,6,6,6,7,7],[6,7,6,7,7,7,7,7,7,6,7,6,6,7,6,7,7,6,6,7]]
  ],
  "s": [
    [20,0,0,0,0,1],
    [20,20,20,0,0,1],
    [0,20,20,20,0,1],
    [0,0,0,20,0,1],
    [13.987669334932512,9.68616361708862,14,10,1,1],[14,10,13.987669334932512,10.31383638291138,1,1],[13.987669334932512,10.31383638291138,13.950753362380551,10.625737860160923,1,1],[13.950753362380551,10.625737860160923,13.889479681590707,10.933781455423622,1,1],[13.889479681590707,10.933781455423622,13.804226065180615,11.23606797749979,1,1],[13.804226065180615,11.23606797749979,13.695518130045148,11.530733729460358,1,1],[13.695518130045148,11.530733729460358,13.564026096753471,11.815961998958187,1,1],[13.564026096753471,11.815961998958187,13.410560657416369,12.089994258863795,1,1],[13.410560657416369,12.089994258863795,13.23606797749979,12.351141009169893,1,1],[13.23606797749979,12.351141009169893,13.041623862400124,12.597792193320736,1,1],[13.041623862400124,12.597792193320736,12.82842712474619,12.82842712474619,1,1],[12.82842712474619,12.82842712474619,12.597792193320736,13.041623862400124,1,1],[12.597792193320736,13.041623862400124,12.351141009169893,13.23606797749979,1,1],[12.351141009169893,13.23606797749979,12.089994258863795,13.410560657416369,1,1],[12.089994258863795,13.410560657416369,11.815961998958187,13.564026096753471,1,1],[11.815961998958187,13.564026096753471,11.530733729460358,13.695518130045148,1,1],[11.530733729460358,13.695518130045148,11.23606797749979,13.804226065180615,1,1],[11.23606797749979,13.804226065180615,10.933781455423622,13.889479681590707,1,1],[10.933781455423622,13.889479681590707,10.625737860160923,13.950753362380551,1,1],[10.625737860160923,13.950753362380551,10.31383638291138,13.987669334932512,1,1],[10.31383638291138,13.987669334932512,10,14,1,1],[10,14,9.68616361708862,13.987669334932512,1,1],[9.68616361708862,13.987669334932512,9.374262139839077,13.950753362380551,1,1],[9.374262139839077,13.950753362380551,9.066218544576378,13.889479681590707,1,1],[9.066218544576378,13.889479681590707,8.76393202250021,13.804226065180615,1,1],[8.76393202250021,13.804226065180615,8.469266270539642,13.695518130045148,1,1],[8.469266270539642,13.695518130045148,8.184038001041813,13.564026096753471,1,1],[8.184038001041813,13.564026096753471,7.910005741136205,13.410560657416369,1,1],[7.910005741136205,13.410560657416369,7.648858990830108,13.23606797749979,1,1],[7.648858990830108,13.23606797749979,7.402207806679266,13.041623862400124,1,1],[7.402207806679266,13.041623862400124,7.17157287525381,12.82842712474619,1,1],[7.17157287525381,12.82842712474619,6.958376137599877,12.597792193320736,1,1],[6.958376137599877,12.597792193320736,6.76393202250021,12.351141009169893,1,1],[6.76393202250021,12.351141009169893,6.589439342583631,12.089994258863795,1,1],[6.589439342583631,12.089994258863795,6.435973903246529,11.815961998958187,1,1],[6.435973903246529,11.815961998958187,6.304481869954853,11.53073372946036,1,1],[6.304481869954853,11.53073372946036,6.195773934819385,11.23606797749979,1,1],[6.195773934819385,11.23606797749979,6.110520318409294,10.933781455423622,1,1],[6.110520318409294,10.933781455423622,6.049246637619449,10.625737860160925,1,1],[6.049246637619449,10.625737860160925,6.012330665067488,10.313836382911381,1,1],[6.012330665067488,10.313836382911381,6,10,1,1],[6,10,6.012330665067488,9.68616361708862,1,1],[6.012330665067488,9.68616361708862,6.049246637619449,9.374262139839077,1,1],[6.049246637619449,9.374262139839077,6.110520318409293,9.06621854457638,1,1],[6.110520318409293,9.06621854457638,6.195773934819385,8.76393202250021,1,1],[6.195773934819385,8.76393202250021,6.304481869954852,8.469266270539642,1,1],[6.304481869954852,8.469266270539642,6.435973903246529,8.184038001041813,1,1],[6.435973903246529,8.184038001041813,6.589439342583631,7.910005741136205,1,1],[6.589439342583631,7.910005741136205,6.76393202250021,7.648858990830108,1,1],[6.76393202250021,7.648858990830108,6.958376137599876,7.402207806679266,1,1],[6.958376137599876,7.402207806679266,7.171572875253809,7.17157287525381,1,1],[7.171572875253809,7.17157287525381,7.402207806679264,6.958376137599878,1,1],[7.402207806679264,6.958376137599878,7.648858990830107,6.76393202250021,1,1],[7.648858990830107,6.76393202250021,7.910005741136206,6.58943934258363,1,1],[7.910005741136206,6.58943934258363,8.184038001041813,6.435973903246529,1,1],[8.184038001041813,6.435973903246529,8.469266270539638,6.304481869954854,1,1],[8.469266270539638,6.304481869954854,8.76393202250021,6.195773934819385,1,1],[8.76393202250021,6.195773934819385,9.06621854457638,6.110520318409293,1,1],[9.06621854457638,6.110520318409293,9.374262139839075,6.049246637619449,1,1],[9.374262139839075,6.049246637619449,9.686163617088617,6.012330665067488,1,1],[9.686163617088617,6.012330665067488,10,6,1,1],[10,6,10.313836382911381,6.012330665067488,1,1],[10.313836382911381,6.012330665067488,10.625737860160923,6.049246637619449,1,1],[10.625737860160923,6.049246637619449,10.933781455423619,6.110520318409293,1,1],[10.933781455423619,6.110520318409293,11.23606797749979,6.195773934819385,1,1],[11.23606797749979,6.195773934819385,11.53073372946036,6.304481869954854,1,1],[11.53073372946036,6.304481869954854,11.815961998958187,6.435973903246528,1,1],[11.815961998958187,6.435973903246528,12.089994258863793,6.5894393425836295,1,1],[12.089994258863793,6.5894393425836295,12.351141009169892,6.76393202250021,1,1],[12.351141009169892,6.76393202250021,12.597792193320736,6.958376137599877,1,1],[12.597792193320736,6.958376137599877,12.82842712474619,7.171572875253809,1,1],[12.82842712474619,7.171572875253809,13.041623862400122,7.402207806679264,1,1],[13.041623862400122,7.402207806679264,13.23606797749979,7.648858990830107,1,1],[13.23606797749979,7.648858990830107,13.410560657416369,7.910005741136205,1,1],[13.410560657416369,7.910005741136205,13.564026096753471,8.184038001041813,1,1],[13.564026096753471,8.184038001041813,13.695518130045146,8.469266270539638,1,1],[13.695518130045146,8.469266270539638,13.804226065180615,8.76393202250021,1,1],[13.804226065180615,